{"accuracy": [0.5975000262260437, 0.9817500114440918, 0.9922500252723694, 0.9934999942779541, 0.9975000023841858, 0.9975000023841858, 0.9980000257492065, 0.9982500076293945, 0.9994999766349792, 0.9982500076293945, 0.9990000128746033, 0.9992499947547913, 0.9990000128746033, 0.999750018119812, 0.9984999895095825, 0.9992499947547913, 0.9992499947547913, 0.9990000128746033, 0.9990000128746033, 0.9992499947547913], "loss": [1.3583794832229614, 0.09846377372741699, 0.04090190678834915, 0.0337858647108078, 0.01731208525598049, 0.013509644195437431, 0.01117828581482172, 0.011667649261653423, 0.006956680212169886, 0.009503321722149849, 0.0064577823504805565, 0.00496233394369483, 0.005015683826059103, 0.004856669809669256, 0.007097903173416853, 0.003757036756724119, 0.0044823987409472466, 0.00497309910133481, 0.003685607574880123, 0.00407164404168725], "val_accuracy": [1.0, 1.0, 1.0, 1.0, 1.0, 1.0, 1.0, 1.0, 1.0, 1.0, 1.0, 1.0, 1.0, 1.0, 1.0, 1.0, 1.0, 1.0, 1.0, 1.0], "val_loss": [0.058103300631046295, 0.0027804586570709944, 0.000957824697252363, 0.000525710463989526, 0.00020950549514964223, 0.00010565458796918392, 7.788785296725109e-05, 4.5753233280265704e-05, 3.0248900657170452e-05, 2.2740696294931695e-05, 1.0277733053953853e-05, 6.856496838736348e-06, 5.464143214339856e-06, 4.631717274605762e-06, 3.827673481282545e-06, 4.049853941978654e-06, 2.8626720904867398e-06, 1.4016608247402473e-06, 1.78860932464886e-06, 1.1252151352891815e-06]}